{
	"segments": {
		"left": [
			{
				"function": "powerline.segments.shell.mode"
			},
			{
				"function": "powerline.segments.common.net.hostname",
				"priority": 10
			},
			{
				"function": "powerline.segments.common.env.user",
				"priority": 30
			},
			{
				"function": "powerline.segments.common.env.virtualenv",
				"priority": 50
			},
			{
				"function": "powerline.segments.shell.cwd",
				"priority": 10
			},
			{
				"function": "powerline.segments.shell.jobnum",
				"priority": 20
			}
		],
		"right": [
			{
				"function": "powerline.segments.shell.last_pipe_status",
				"priority": 10
			},
			{
				"function": "powerline.segments.common.vcs.branch",
				"priority": 40
			}
		]
	}
}
